id,x,y,filename,case,study
baseline,1.1070110701107012,-0.14925373134328981,Emil.csv,Kiernan_Outcome3,Browder_2012
baseline,2.2140221402214086,0.7462686567164134,Emil.csv,Kiernan_Outcome3,Browder_2012
baseline,3.099630996309965,-0.14925373134328981,Emil.csv,Kiernan_Outcome3,Browder_2012
baseline,15.940959409594102,0.7462686567164134,Emil.csv,Kiernan_Outcome3,Browder_2012
baseline,30.996309963099637,0.7462686567164134,Emil.csv,Kiernan_Outcome3,Browder_2012
intervention,34.76014760147602,3.880597014925375,Emil.csv,Kiernan_Outcome3,Browder_2012
intervention,36.08856088560886,3.880597014925375,Emil.csv,Kiernan_Outcome3,Browder_2012
intervention,37.859778597785976,4.925373134328357,Emil.csv,Kiernan_Outcome3,Browder_2012
intervention,38.96678966789669,1.641791044776113,Emil.csv,Kiernan_Outcome3,Browder_2012
intervention,39.85239852398525,2.8358208955223816,Emil.csv,Kiernan_Outcome3,Browder_2012
intervention,41.18081180811807,2.8358208955223816,Emil.csv,Kiernan_Outcome3,Browder_2012
intervention,41.8450184501845,5.671641791044777,Emil.csv,Kiernan_Outcome3,Browder_2012
intervention,43.17343173431734,1.7910447761193993,Emil.csv,Kiernan_Outcome3,Browder_2012
intervention,44.0590405904059,4.925373134328357,Emil.csv,Kiernan_Outcome3,Browder_2012
intervention,44.723247232472325,5.671641791044777,Emil.csv,Kiernan_Outcome3,Browder_2012
intervention,45.83025830258303,6.71641791044776,Emil.csv,Kiernan_Outcome3,Browder_2012
intervention,54.68634686346863,4.776119402985071,Emil.csv,Kiernan_Outcome3,Browder_2012
baseline,1.0948905109489049,0.14285714285714457,Emil.csv,Kiernan_Outcome4,Browder_2012
baseline,2.189781021897816,0.14285714285714457,Emil.csv,Kiernan_Outcome4,Browder_2012
baseline,3.065693430656937,0.14285714285714457,Emil.csv,Kiernan_Outcome4,Browder_2012
baseline,15.985401459854012,1.1428571428571432,Emil.csv,Kiernan_Outcome4,Browder_2012
baseline,31.094890510948908,1.0000000000000018,Emil.csv,Kiernan_Outcome4,Browder_2012
baseline,44.89051094890511,1.0000000000000018,Emil.csv,Kiernan_Outcome4,Browder_2012
intervention,47.08029197080291,4,Emil.csv,Kiernan_Outcome4,Browder_2012
intervention,47.95620437956203,1.0000000000000018,Emil.csv,Kiernan_Outcome4,Browder_2012
intervention,49.05109489051095,3.000000000000001,Emil.csv,Kiernan_Outcome4,Browder_2012
intervention,49.92700729927007,2.000000000000001,Emil.csv,Kiernan_Outcome4,Browder_2012
intervention,51.021897810218974,3.000000000000001,Emil.csv,Kiernan_Outcome4,Browder_2012
intervention,52.11678832116789,4.440892098500626e-16,Emil.csv,Kiernan_Outcome4,Browder_2012
intervention,52.773722627737214,2.000000000000001,Emil.csv,Kiernan_Outcome4,Browder_2012
intervention,54.08759124087591,3.000000000000001,Emil.csv,Kiernan_Outcome4,Browder_2012
intervention,54.96350364963504,3.000000000000001,Emil.csv,Kiernan_Outcome4,Browder_2012
intervention,56.05839416058393,1.8571428571428583,Emil.csv,Kiernan_Outcome4,Browder_2012
intervention,57.37226277372263,4,Emil.csv,Kiernan_Outcome4,Browder_2012
baseline,0.8928571428571415,3.999999999999993,Emil.csv,Todd_Outcome1,Browder_2012
baseline,2.142857142857146,3.999999999999993,Emil.csv,Todd_Outcome1,Browder_2012
baseline,3.0357142857142856,3.999999999999993,Emil.csv,Todd_Outcome1,Browder_2012
intervention,3.928571428571432,3.099999999999987,Emil.csv,Todd_Outcome1,Browder_2012
intervention,10.71428571428572,6.999999999999993,Emil.csv,Todd_Outcome1,Browder_2012
intervention,11.964285714285715,6.999999999999993,Emil.csv,Todd_Outcome1,Browder_2012
intervention,13.21428571428572,8.099999999999987,Emil.csv,Todd_Outcome1,Browder_2012
intervention,13.928571428571432,8.999999999999993,Emil.csv,Todd_Outcome1,Browder_2012
intervention,15.000000000000009,8.999999999999993,Emil.csv,Todd_Outcome1,Browder_2012
intervention,16.071428571428577,9.099999999999987,Emil.csv,Todd_Outcome1,Browder_2012
intervention,20.17857142857144,8.999999999999993,Emil.csv,Todd_Outcome1,Browder_2012
intervention,25.17857142857144,8.899999999999984,Emil.csv,Todd_Outcome1,Browder_2012
intervention,31.07142857142857,8.999999999999993,Emil.csv,Todd_Outcome1,Browder_2012
intervention,42.14285714285715,8.899999999999984,Emil.csv,Todd_Outcome1,Browder_2012
intervention,49.2857142857143,8.899999999999984,Emil.csv,Todd_Outcome1,Browder_2012
baseline,1.067615658362977,4.878048780487809,Emil.csv,Todd_Outcome2,Browder_2012
baseline,1.9572953736654728,4.999999999999993,Emil.csv,Todd_Outcome2,Browder_2012
baseline,3.2028469750889568,4.024390243902438,Emil.csv,Todd_Outcome2,Browder_2012
baseline,16.01423487544483,1.951219512195124,Emil.csv,Todd_Outcome2,Browder_2012
intervention,17.08185053380782,3.902439024390244,Emil.csv,Todd_Outcome2,Browder_2012
intervention,18.149466192170813,4.878048780487809,Emil.csv,Todd_Outcome2,Browder_2012
intervention,18.861209964412804,3.902439024390244,Emil.csv,Todd_Outcome2,Browder_2012
intervention,20.106761565836297,5.853658536585364,Emil.csv,Todd_Outcome2,Browder_2012
intervention,20.996441281138782,6.951219512195124,Emil.csv,Todd_Outcome2,Browder_2012
intervention,23.131672597864764,6.829268292682926,Emil.csv,Todd_Outcome2,Browder_2012
intervention,24.02135231316725,5.853658536585364,Emil.csv,Todd_Outcome2,Browder_2012
intervention,25.088967971530245,9.756097560975604,Emil.csv,Todd_Outcome2,Browder_2012
intervention,27.224199288256223,8.90243902439024,Emil.csv,Todd_Outcome2,Browder_2012
intervention,28.11387900355872,7.80487804878048,Emil.csv,Todd_Outcome2,Browder_2012
intervention,29.181494661921704,8.78048780487805,Emil.csv,Todd_Outcome2,Browder_2012
intervention,30.071174377224203,9.756097560975604,Emil.csv,Todd_Outcome2,Browder_2012
intervention,30.960854092526688,8.78048780487805,Emil.csv,Todd_Outcome2,Browder_2012
intervention,32.02846975088967,8.78048780487805,Emil.csv,Todd_Outcome2,Browder_2012
intervention,34.341637010676145,9.756097560975604,Emil.csv,Todd_Outcome2,Browder_2012
intervention,41.99288256227759,9.756097560975604,Emil.csv,Todd_Outcome2,Browder_2012
intervention,49.11032028469751,9.756097560975604,Emil.csv,Todd_Outcome2,Browder_2012
baseline,0.909090909090911,2.0833333333333397,Emil.csv,Todd_Outcome3,Browder_2012
baseline,1.8181818181818172,7.105427357601002e-15,Emil.csv,Todd_Outcome3,Browder_2012
baseline,2.9090909090909127,0.9722222222222284,Emil.csv,Todd_Outcome3,Browder_2012
baseline,15.818181818181811,0.9722222222222284,Emil.csv,Todd_Outcome3,Browder_2012
baseline,30.727272727272727,-0.13888888888888218,Emil.csv,Todd_Outcome3,Browder_2012
intervention,34.9090909090909,4.861111111111114,Emil.csv,Todd_Outcome3,Browder_2012
intervention,35.636363636363626,6.805555555555564,Emil.csv,Todd_Outcome3,Browder_2012
intervention,36.72727272727273,6.944444444444446,Emil.csv,Todd_Outcome3,Browder_2012
intervention,37.99999999999999,7.916666666666671,Emil.csv,Todd_Outcome3,Browder_2012
intervention,39.99999999999999,6.944444444444446,Emil.csv,Todd_Outcome3,Browder_2012
intervention,41.81818181818182,7.777777777777782,Emil.csv,Todd_Outcome3,Browder_2012
intervention,42.72727272727271,9.027777777777782,Emil.csv,Todd_Outcome3,Browder_2012
intervention,44.90909090909091,8.888888888888896,Emil.csv,Todd_Outcome3,Browder_2012
intervention,46.90909090909091,8.888888888888896,Emil.csv,Todd_Outcome3,Browder_2012
intervention,48.90909090909091,7.777777777777782,Emil.csv,Todd_Outcome3,Browder_2012
baseline,0.9057971014492794,2.000000000000001,Emil.csv,Todd_Outcome4,Browder_2012
baseline,1.811594202898552,4.440892098500626e-16,Emil.csv,Todd_Outcome4,Browder_2012
baseline,3.079710144927532,4.440892098500626e-16,Emil.csv,Todd_Outcome4,Browder_2012
baseline,15.942028985507244,0.9333333333333343,Emil.csv,Todd_Outcome4,Browder_2012
baseline,30.97826086956521,0.9333333333333343,Emil.csv,Todd_Outcome4,Browder_2012
intervention,42.028985507246375,0.9333333333333343,Emil.csv,Todd_Outcome4,Browder_2012
intervention,43.115942028985486,6.933333333333331,Emil.csv,Todd_Outcome4,Browder_2012
intervention,44.02173913043478,7.86666666666667,Emil.csv,Todd_Outcome4,Browder_2012
intervention,44.927536231884055,9.6,Emil.csv,Todd_Outcome4,Browder_2012
intervention,45.83333333333332,9.6,Emil.csv,Todd_Outcome4,Browder_2012
intervention,47.10144927536231,9.6,Emil.csv,Todd_Outcome4,Browder_2012
intervention,48.00724637681159,9.6,Emil.csv,Todd_Outcome4,Browder_2012
intervention,49.09420289855072,9.6,Emil.csv,Todd_Outcome4,Browder_2012
baseline,0.3809523809523778,31.52173913043498,Emil.csv,A,Calik_2010
baseline,1.3968253968253954,30.43478260869585,Emil.csv,A,Calik_2010
baseline,2.5396825396825324,31.52173913043498,Emil.csv,A,Calik_2010
intervention,3.4285714285714253,70.65217391304361,Emil.csv,A,Calik_2010
intervention,4.4444444444444375,81.52173913043498,Emil.csv,A,Calik_2010
intervention,5.587301587301583,70.65217391304361,Emil.csv,A,Calik_2010
intervention,6.476190476190473,81.52173913043498,Emil.csv,A,Calik_2010
intervention,7.365079365079362,81.52173913043498,Emil.csv,A,Calik_2010
intervention,8.507936507936504,90.21739130434791,Emil.csv,A,Calik_2010
intervention,9.52380952380952,101.08695652173924,Emil.csv,A,Calik_2010
intervention,10.539682539682536,101.08695652173924,Emil.csv,A,Calik_2010
intervention,11.555555555555552,100.00000000000006,Emil.csv,A,Calik_2010
baseline,0.6349206349206291,39.42307692307693,Emil.csv,B,Calik_2010
baseline,1.6507936507936485,40.38461538461536,Emil.csv,B,Calik_2010
baseline,2.6666666666666607,40.38461538461536,Emil.csv,B,Calik_2010
intervention,15.746031746031738,80.76923076923077,Emil.csv,B,Calik_2010
intervention,16.634920634920626,79.80769230769229,Emil.csv,B,Calik_2010
intervention,17.52380952380952,89.42307692307693,Emil.csv,B,Calik_2010
intervention,18.793650793650784,80.76923076923077,Emil.csv,B,Calik_2010
intervention,19.68253968253968,90.38461538461536,Emil.csv,B,Calik_2010
intervention,20.69841269841269,89.42307692307693,Emil.csv,B,Calik_2010
intervention,21.58730158730158,100,Emil.csv,B,Calik_2010
intervention,22.476190476190474,100,Emil.csv,B,Calik_2010
intervention,23.61904761904762,100,Emil.csv,B,Calik_2010
baseline,0.5031446540880449,28.42105263157893,Emil.csv,C,Calik_2010
baseline,1.509433962264147,28.42105263157893,Emil.csv,C,Calik_2010
baseline,2.6415094339622573,29.47368421052633,Emil.csv,C,Calik_2010
intervention,27.42138364779874,78.94736842105263,Emil.csv,C,Calik_2010
intervention,28.553459119496857,89.47368421052633,Emil.csv,C,Calik_2010
intervention,29.433962264150946,80,Emil.csv,C,Calik_2010
intervention,30.566037735849065,81.0526315789474,Emil.csv,C,Calik_2010
intervention,31.572327044025162,89.47368421052633,Emil.csv,C,Calik_2010
intervention,32.45283018867925,98.94736842105264,Emil.csv,C,Calik_2010
intervention,33.45911949685535,98.94736842105264,Emil.csv,C,Calik_2010
intervention,34.21383647798743,100,Emil.csv,C,Calik_2010
intervention,35.34591194968554,100,Emil.csv,C,Calik_2010
baseline,3.907590759075915,0.1512605042016908,Emil.csv,Dylan,Champan_2019
baseline,4.640264026402647,0.1512605042016908,Emil.csv,Dylan,Champan_2019
baseline,5.861386138613868,0.1512605042016908,Emil.csv,Dylan,Champan_2019
intervention,6.838283828382846,0.22689075630252376,Emil.csv,Dylan,Champan_2019
intervention,7.81518151815182,0.22689075630252376,Emil.csv,Dylan,Champan_2019
intervention,8.669966996699678,2.117647058823536,Emil.csv,Dylan,Champan_2019
intervention,9.64686468646865,6.050420168067227,Emil.csv,Dylan,Champan_2019
intervention,10.867986798679876,2.268907563025216,Emil.csv,Dylan,Champan_2019
intervention,11.844884488448852,5.142857142857146,Emil.csv,Dylan,Champan_2019
intervention,12.699669966996703,6.050420168067227,Emil.csv,Dylan,Champan_2019
intervention,13.676567656765684,7.033613445378148,Emil.csv,Dylan,Champan_2019
intervention,14.897689768976909,7.109243697478995,Emil.csv,Dylan,Champan_2019
intervention,15.752475247524757,7.033613445378148,Emil.csv,Dylan,Champan_2019
intervention,16.851485148514858,6.957983193277311,Emil.csv,Dylan,Champan_2019
intervention,17.828382838283837,7.9411764705882355,Emil.csv,Dylan,Champan_2019
intervention,18.80528052805281,8.92436974789916,Emil.csv,Dylan,Champan_2019
intervention,19.904290429042916,7.865546218487392,Emil.csv,Dylan,Champan_2019
intervention,20.75907590759077,7.9411764705882355,Emil.csv,Dylan,Champan_2019
intervention,21.73597359735974,9,Emil.csv,Dylan,Champan_2019
intervention,22.834983498349843,9,Emil.csv,Dylan,Champan_2019
intervention,23.6897689768977,9,Emil.csv,Dylan,Champan_2019
baseline,0.9999999999999948,3.552713678800501e-15,Jonna.csv,Kiernan_Outcome3,Browder_2012
baseline,2.076923076923076,1.1224489795918338,Jonna.csv,Kiernan_Outcome3,Browder_2012
baseline,2.923076923076919,3.552713678800501e-15,Jonna.csv,Kiernan_Outcome3,Browder_2012
baseline,15.999999999999996,1.0714285714285694,Jonna.csv,Kiernan_Outcome3,Browder_2012
baseline,31.07692307692307,1.0204081632653017,Jonna.csv,Kiernan_Outcome3,Browder_2012
baseline,0.989847715736042,0.04975124378109497,Jonna.csv,Kiernan_Outcome4,Browder_2012
baseline,2.055837563451784,0,Jonna.csv,Kiernan_Outcome4,Browder_2012
baseline,2.8934010152284277,-0.04975124378109452,Jonna.csv,Kiernan_Outcome4,Browder_2012
baseline,16.065989847715734,0.9950248756218896,Jonna.csv,Kiernan_Outcome4,Browder_2012
baseline,31.06598984771573,0.945273631840795,Jonna.csv,Kiernan_Outcome4,Browder_2012
intervention,47.13197969543148,3.9303482587064673,Jonna.csv,Kiernan_Outcome4,Browder_2012
intervention,48.04568527918781,0.9950248756218896,Jonna.csv,Kiernan_Outcome4,Browder_2012
intervention,49.11167512690355,2.935323383084577,Jonna.csv,Kiernan_Outcome4,Browder_2012
intervention,50.101522842639604,1.9402985074626864,Jonna.csv,Kiernan_Outcome4,Browder_2012
intervention,51.09137055837562,2.935323383084577,Jonna.csv,Kiernan_Outcome4,Browder_2012
intervention,52.23350253807106,-0.04975124378109452,Jonna.csv,Kiernan_Outcome4,Browder_2012
intervention,53.14720812182742,1.990049751243781,Jonna.csv,Kiernan_Outcome4,Browder_2012
intervention,53.98477157360406,2.8855721393034823,Jonna.csv,Kiernan_Outcome4,Browder_2012
intervention,54.97461928934009,2.9850746268656705,Jonna.csv,Kiernan_Outcome4,Browder_2012
intervention,56.19289340101523,1.990049751243781,Jonna.csv,Kiernan_Outcome4,Browder_2012
intervention,57.18274111675125,3.9800995024875623,Jonna.csv,Kiernan_Outcome4,Browder_2012
baseline,0.9236453201970534,3.984732824427489,Jonna.csv,Todd_Outcome1,Browder_2012
baseline,1.9088669950739048,3.984732824427489,Jonna.csv,Todd_Outcome1,Browder_2012
baseline,3.017241379310357,3.984732824427489,Jonna.csv,Todd_Outcome1,Browder_2012
intervention,3.940886699507401,2.9885496183206186,Jonna.csv,Todd_Outcome1,Browder_2012
intervention,10.960591133004932,6.9732824427480935,Jonna.csv,Todd_Outcome1,Browder_2012
intervention,12.007389162561584,6.938931297709928,Jonna.csv,Todd_Outcome1,Browder_2012
intervention,12.992610837438436,7.969465648854964,Jonna.csv,Todd_Outcome1,Browder_2012
intervention,14.100985221674888,8.965648854961827,Jonna.csv,Todd_Outcome1,Browder_2012
intervention,14.03940886699508,8.931297709923669,Jonna.csv,Todd_Outcome1,Browder_2012
intervention,14.100985221674888,9.000000000000007,Jonna.csv,Todd_Outcome1,Browder_2012
intervention,14.100985221674888,8.931297709923669,Jonna.csv,Todd_Outcome1,Browder_2012
intervention,15.14778325123154,8.931297709923669,Jonna.csv,Todd_Outcome1,Browder_2012
intervention,15.086206896551731,8.896946564885496,Jonna.csv,Todd_Outcome1,Browder_2012
intervention,15.086206896551731,8.896946564885496,Jonna.csv,Todd_Outcome1,Browder_2012
intervention,15.02463054187193,8.931297709923669,Jonna.csv,Todd_Outcome1,Browder_2012
intervention,15.02463054187193,8.931297709923669,Jonna.csv,Todd_Outcome1,Browder_2012
intervention,15.02463054187193,8.931297709923669,Jonna.csv,Todd_Outcome1,Browder_2012
intervention,15.02463054187193,8.931297709923669,Jonna.csv,Todd_Outcome1,Browder_2012
intervention,15.02463054187193,8.931297709923669,Jonna.csv,Todd_Outcome1,Browder_2012
intervention,16.071428571428587,8.965648854961827,Jonna.csv,Todd_Outcome1,Browder_2012
intervention,20.012315270935968,8.931297709923669,Jonna.csv,Todd_Outcome1,Browder_2012
intervention,25.06157635467981,8.931297709923669,Jonna.csv,Todd_Outcome1,Browder_2012
intervention,31.09605911330051,8.896946564885496,Jonna.csv,Todd_Outcome1,Browder_2012
intervention,41.99507389162562,8.896946564885496,Jonna.csv,Todd_Outcome1,Browder_2012
intervention,49.13793103448276,8.896946564885496,Jonna.csv,Todd_Outcome1,Browder_2012
baseline,0.9876543209876552,5.021097046413512,Jonna.csv,Todd_Outcome2,Browder_2012
baseline,2.0370370370370394,5.021097046413512,Jonna.csv,Todd_Outcome2,Browder_2012
baseline,2.962962962962965,4.092827004219416,Jonna.csv,Todd_Outcome2,Browder_2012
baseline,16.049382716049383,1.983122362869203,Jonna.csv,Todd_Outcome2,Browder_2012
intervention,17.160493827160494,3.966244725738399,Jonna.csv,Todd_Outcome2,Browder_2012
intervention,18.02469135802469,5.021097046413512,Jonna.csv,Todd_Outcome2,Browder_2012
intervention,19.07407407407407,3.966244725738399,Jonna.csv,Todd_Outcome2,Browder_2012
intervention,20.12345679012345,5.949367088607598,Jonna.csv,Todd_Outcome2,Browder_2012
intervention,21.111111111111104,6.919831223628695,Jonna.csv,Todd_Outcome2,Browder_2012
intervention,23.086419753086417,6.962025316455698,Jonna.csv,Todd_Outcome2,Browder_2012
intervention,24.1358024691358,5.907172995780588,Jonna.csv,Todd_Outcome2,Browder_2012
intervention,25.12345679012345,9.91561181434599,Jonna.csv,Todd_Outcome2,Browder_2012
intervention,27.160493827160494,8.90295358649789,Jonna.csv,Todd_Outcome2,Browder_2012
intervention,28.148148148148145,7.890295358649791,Jonna.csv,Todd_Outcome2,Browder_2012
intervention,29.19753086419752,8.90295358649789,Jonna.csv,Todd_Outcome2,Browder_2012
intervention,30.12345679012345,9.91561181434599,Jonna.csv,Todd_Outcome2,Browder_2012
intervention,31.111111111111114,8.90295358649789,Jonna.csv,Todd_Outcome2,Browder_2012
intervention,32.16049382716049,8.860759493670887,Jonna.csv,Todd_Outcome2,Browder_2012
intervention,34.13580246913579,9.873417721518988,Jonna.csv,Todd_Outcome2,Browder_2012
intervention,42.16049382716048,9.957805907173,Jonna.csv,Todd_Outcome2,Browder_2012
intervention,49.259259259259245,9.873417721518988,Jonna.csv,Todd_Outcome2,Browder_2012
baseline,0.9422110552763768,2.0187793427230147,Jonna.csv,Todd_Outcome3,Browder_2012
baseline,2.0728643216080336,1.4210854715202004e-14,Jonna.csv,Todd_Outcome3,Browder_2012
baseline,2.95226130653266,1.0328638497652705,Jonna.csv,Todd_Outcome3,Browder_2012
baseline,16.017587939698487,0.9859154929577548,Jonna.csv,Todd_Outcome3,Browder_2012
baseline,31.030150753768837,-0.04694835680749421,Jonna.csv,Todd_Outcome3,Browder_2012
intervention,35.0502512562814,4.882629107981234,Jonna.csv,Todd_Outcome3,Browder_2012
intervention,35.99246231155777,6.854460093896719,Jonna.csv,Todd_Outcome3,Browder_2012
intervention,36.99748743718591,6.807511737089211,Jonna.csv,Todd_Outcome3,Browder_2012
intervention,38.00251256281405,7.840375586854467,Jonna.csv,Todd_Outcome3,Browder_2012
intervention,40.0753768844221,6.854460093896719,Jonna.csv,Todd_Outcome3,Browder_2012
intervention,42.022613065326624,7.840375586854467,Jonna.csv,Todd_Outcome3,Browder_2012
intervention,43.02763819095476,8.826291079812208,Jonna.csv,Todd_Outcome3,Browder_2012
intervention,45.03768844221105,8.826291079812208,Jonna.csv,Todd_Outcome3,Browder_2012
intervention,47.11055276381907,8.826291079812208,Jonna.csv,Todd_Outcome3,Browder_2012
intervention,49.120603015075375,7.793427230046955,Jonna.csv,Todd_Outcome3,Browder_2012
baseline,1.0012515644555728,2.0560747663551404,Jonna.csv,Todd_Outcome4,Browder_2012
baseline,1.9399249061326689,8.881784197001252e-16,Jonna.csv,Todd_Outcome4,Browder_2012
baseline,3.003754693366713,0.04672897196261738,Jonna.csv,Todd_Outcome4,Browder_2012
baseline,15.957446808510635,0.9813084112149536,Jonna.csv,Todd_Outcome4,Browder_2012
baseline,30.976220275344176,0.9813084112149536,Jonna.csv,Todd_Outcome4,Browder_2012
intervention,41.98998748435543,0.934579439252338,Jonna.csv,Todd_Outcome4,Browder_2012
intervention,42.99123904881102,6.869158878504674,Jonna.csv,Todd_Outcome4,Browder_2012
intervention,44.05506883604505,7.897196261682241,Jonna.csv,Todd_Outcome4,Browder_2012
intervention,45.05632040050062,9.906542056074766,Jonna.csv,Todd_Outcome4,Browder_2012
intervention,46.12015018773467,9.906542056074766,Jonna.csv,Todd_Outcome4,Browder_2012
intervention,47.05882352941177,9.906542056074766,Jonna.csv,Todd_Outcome4,Browder_2012
intervention,48.06007509386733,9.85981308411215,Jonna.csv,Todd_Outcome4,Browder_2012
intervention,48.99874843554443,9.906542056074766,Jonna.csv,Todd_Outcome4,Browder_2012
baseline,0.4920127795527201,30.71161048689152,Jonna.csv,A,Calik_2010
baseline,1.5654952076677393,30.71161048689152,Jonna.csv,A,Calik_2010
baseline,2.5495207667731634,30.337078651685545,Jonna.csv,A,Calik_2010
intervention,3.578274760383394,70.78651685393271,Jonna.csv,A,Calik_2010
intervention,4.651757188498406,81.27340823970042,Jonna.csv,A,Calik_2010
intervention,5.680511182108628,70.41198501872674,Jonna.csv,A,Calik_2010
intervention,6.709265175718857,80.89887640449444,Jonna.csv,A,Calik_2010
intervention,7.693290734824284,80.89887640449444,Jonna.csv,A,Calik_2010
intervention,8.722044728434511,90.6367041198502,Jonna.csv,A,Calik_2010
intervention,9.66134185303515,101.12359550561804,Jonna.csv,A,Calik_2010
intervention,10.69009584664537,101.12359550561804,Jonna.csv,A,Calik_2010
intervention,11.718849840255594,101.12359550561804,Jonna.csv,A,Calik_2010
baseline,0.49517684887459446,39.73509933774838,Jonna.csv,B,Calik_2010
baseline,1.5755627009646282,40.06622516556291,Jonna.csv,B,Calik_2010
baseline,2.6109324758842405,40.06622516556291,Jonna.csv,B,Calik_2010
intervention,15.755627009646306,79.801324503311207,Jonna.csv,B,Calik_2010
intervention,16.88102893890676,79.801324503311207,Jonna.csv,B,Calik_2010
intervention,17.916398713826368,90.06622516556288,Jonna.csv,B,Calik_2010
intervention,18.861736334405144,79.801324503311207,Jonna.csv,B,Calik_2010
intervention,19.94212218649517,90.72847682119205,Jonna.csv,B,Calik_2010
intervention,20.977491961414792,90.39735099337742,Jonna.csv,B,Calik_2010
intervention,21.967845659163984,100.66225165562916,Jonna.csv,B,Calik_2010
intervention,23.0032154340836,100.33112582781452,Jonna.csv,B,Calik_2010
intervention,23.948553054662376,100.33112582781452,Jonna.csv,B,Calik_2010
baseline,0.4453870625662777,29.779411764705912,Jonna.csv,C,Calik_2010
baseline,1.5143160127253417,29.779411764705912,Jonna.csv,C,Calik_2010
baseline,2.583244962884409,30.147058823529434,Jonna.csv,C,Calik_2010
intervention,28.103923647932135,80.14705882352942,Jonna.csv,C,Calik_2010
intervention,29.128313891834583,90.44117647058826,Jonna.csv,C,Calik_2010
intervention,30.24178154825027,80.51470588235293,Jonna.csv,C,Calik_2010
intervention,31.266171792152708,80.51470588235293,Jonna.csv,C,Calik_2010
intervention,32.24602332979853,90.0735294117647,Jonna.csv,C,Calik_2010
intervention,33.22587486744433,100.73529411764709,Jonna.csv,C,Calik_2010
intervention,34.294803817603395,100.36764705882354,Jonna.csv,C,Calik_2010
intervention,35.319194061505826,100.36764705882354,Jonna.csv,C,Calik_2010
intervention,36.43266171792153,100.36764705882354,Jonna.csv,C,Calik_2010
baseline,4.236902050113897,0.18260869565217772,Jonna.csv,Dylan,Champan_2019
baseline,5.330296127562646,0.1565217391304401,Jonna.csv,Dylan,Champan_2019
baseline,6.423690205011389,0.18260869565217772,Jonna.csv,Dylan,Champan_2019
intervention,7.425968109339409,0.2347826086956566,Jonna.csv,Dylan,Champan_2019
intervention,8.519362186788157,0.18260869565217772,Jonna.csv,Dylan,Champan_2019
intervention,9.6127562642369,2.086956521739136,Jonna.csv,Dylan,Champan_2019
intervention,10.660592255125284,6.000000000000004,Jonna.csv,Dylan,Champan_2019
intervention,11.799544419134396,2.086956521739136,Jonna.csv,Dylan,Champan_2019
intervention,12.892938496583144,5.034782608695654,Jonna.csv,Dylan,Champan_2019
intervention,13.986332574031897,6.000000000000004,Jonna.csv,Dylan,Champan_2019
intervention,15.079726651480636,7.04347826086957,Jonna.csv,Dylan,Champan_2019
intervention,16.082004555808656,7.017391304347832,Jonna.csv,Dylan,Champan_2019
intervention,17.220956719817767,7.017391304347832,Jonna.csv,Dylan,Champan_2019
intervention,18.268792710706148,7.017391304347832,Jonna.csv,Dylan,Champan_2019
intervention,19.3621867881549,7.956521739130437,Jonna.csv,Dylan,Champan_2019
intervention,20.455580865603643,8.973913043478266,Jonna.csv,Dylan,Champan_2019
intervention,21.640091116173117,7.956521739130437,Jonna.csv,Dylan,Champan_2019
intervention,22.642369020501143,7.956521739130437,Jonna.csv,Dylan,Champan_2019
intervention,23.78132118451025,8.947826086956528,Jonna.csv,Dylan,Champan_2019
intervention,24.783599088838265,8.947826086956528,Jonna.csv,Dylan,Champan_2019
intervention,25.96810933940774,8.947826086956528,Jonna.csv,Dylan,Champan_2019
baseline,0.875912408759115,3.552713678800501e-15,Karin Nilsson.csv,Kiernan_Outcome3,Browder_2012
baseline,1.9708029197080243,1.029411764705884,Karin Nilsson.csv,Kiernan_Outcome3,Browder_2012
baseline,2.8467153284671456,-0.1470588235294095,Karin Nilsson.csv,Kiernan_Outcome3,Browder_2012
baseline,15.76642335766423,1.029411764705884,Karin Nilsson.csv,Kiernan_Outcome3,Browder_2012
baseline,30.87591240875912,1.029411764705884,Karin Nilsson.csv,Kiernan_Outcome3,Browder_2012
intervention,34.81751824817518,3.97058823529412,Karin Nilsson.csv,Kiernan_Outcome3,Browder_2012
intervention,35.912408759124084,4.1176470588235325,Karin Nilsson.csv,Kiernan_Outcome3,Browder_2012
intervention,37.88321167883212,5,Karin Nilsson.csv,Kiernan_Outcome3,Browder_2012
intervention,38.75912408759123,2.0588235294117645,Karin Nilsson.csv,Kiernan_Outcome3,Browder_2012
intervention,39.85401459854015,2.941176470588232,Karin Nilsson.csv,Kiernan_Outcome3,Browder_2012
intervention,40.94890510948905,3.088235294117652,Karin Nilsson.csv,Kiernan_Outcome3,Browder_2012
intervention,41.82481751824818,6.029411764705884,Karin Nilsson.csv,Kiernan_Outcome3,Browder_2012
intervention,42.91970802919708,2.0588235294117645,Karin Nilsson.csv,Kiernan_Outcome3,Browder_2012
intervention,43.79562043795621,5,Karin Nilsson.csv,Kiernan_Outcome3,Browder_2012
intervention,44.89051094890511,6.029411764705884,Karin Nilsson.csv,Kiernan_Outcome3,Browder_2012
intervention,45.766423357664245,7.0588235294117645,Karin Nilsson.csv,Kiernan_Outcome3,Browder_2012
intervention,54.96350364963504,5,Karin Nilsson.csv,Kiernan_Outcome3,Browder_2012
baseline,0.8664259927797735,-0.1449275362318856,Karin Nilsson.csv,Kiernan_Outcome4,Browder_2012
baseline,1.9494584837544977,-0.1449275362318856,Karin Nilsson.csv,Kiernan_Outcome4,Browder_2012
baseline,3.249097472924173,-0.1449275362318856,Karin Nilsson.csv,Kiernan_Outcome4,Browder_2012
baseline,16.028880866425983,0.8695652173913038,Karin Nilsson.csv,Kiernan_Outcome4,Browder_2012
baseline,31.19133574007219,0.8695652173913038,Karin Nilsson.csv,Kiernan_Outcome4,Browder_2012
baseline,45.27075812274367,0.8695652173913038,Karin Nilsson.csv,Kiernan_Outcome4,Browder_2012
intervention,47.22021660649819,3.913043478260869,Karin Nilsson.csv,Kiernan_Outcome4,Browder_2012
intervention,48.08664259927796,0.8695652173913038,Karin Nilsson.csv,Kiernan_Outcome4,Browder_2012
intervention,49.1696750902527,3.0434782608695645,Karin Nilsson.csv,Kiernan_Outcome4,Browder_2012
intervention,50.25270758122743,1.884057971014492,Karin Nilsson.csv,Kiernan_Outcome4,Browder_2012
intervention,51.33574007220215,2.89855072463768,Karin Nilsson.csv,Kiernan_Outcome4,Browder_2012
intervention,53.28519855595666,1.7391304347826075,Karin Nilsson.csv,Kiernan_Outcome4,Browder_2012
intervention,54.15162454873646,2.753623188405797,Karin Nilsson.csv,Kiernan_Outcome4,Browder_2012
intervention,55.23465703971119,2.89855072463768,Karin Nilsson.csv,Kiernan_Outcome4,Browder_2012
intervention,56.3176895306859,1.884057971014492,Karin Nilsson.csv,Kiernan_Outcome4,Browder_2012
intervention,57.18411552346569,3.913043478260869,Karin Nilsson.csv,Kiernan_Outcome4,Browder_2012
baseline,1.05263157894737,4.06451612903227,Karin Nilsson.csv,Todd_Outcome1,Browder_2012
baseline,2.3157894736842124,3.967741935483886,Karin Nilsson.csv,Todd_Outcome1,Browder_2012
baseline,3.578947368421055,4.06451612903227,Karin Nilsson.csv,Todd_Outcome1,Browder_2012
intervention,4.631578947368427,3.000000000000014,Karin Nilsson.csv,Todd_Outcome1,Browder_2012
intervention,13.052631578947366,7.06451612903227,Karin Nilsson.csv,Todd_Outcome1,Browder_2012
intervention,14.315789473684209,6.967741935483879,Karin Nilsson.csv,Todd_Outcome1,Browder_2012
intervention,15.578947368421051,7.935483870967751,Karin Nilsson.csv,Todd_Outcome1,Browder_2012
intervention,16.842105263157894,9.000000000000007,Karin Nilsson.csv,Todd_Outcome1,Browder_2012
intervention,17.894736842105267,9.000000000000007,Karin Nilsson.csv,Todd_Outcome1,Browder_2012
intervention,19.15789473684211,8.903225806451623,Karin Nilsson.csv,Todd_Outcome1,Browder_2012
intervention,24,8.903225806451623,Karin Nilsson.csv,Todd_Outcome1,Browder_2012
intervention,29.89473684210526,8.903225806451623,Karin Nilsson.csv,Todd_Outcome1,Browder_2012
intervention,37.05263157894737,8.903225806451623,Karin Nilsson.csv,Todd_Outcome1,Browder_2012
intervention,50.3157894736842,8.903225806451623,Karin Nilsson.csv,Todd_Outcome1,Browder_2012
intervention,58.73684210526316,8.903225806451623,Karin Nilsson.csv,Todd_Outcome1,Browder_2012
baseline,1.0526315789473737,5.000000000000011,Karin Nilsson.csv,Todd_Outcome2,Browder_2012
baseline,2.1052631578947434,5.000000000000011,Karin Nilsson.csv,Todd_Outcome2,Browder_2012
baseline,2.982456140350888,4.0476190476190554,Karin Nilsson.csv,Todd_Outcome2,Browder_2012
baseline,16.140350877192986,2.0238095238095326,Karin Nilsson.csv,Todd_Outcome2,Browder_2012
intervention,17.01754385964913,4.0476190476190554,Karin Nilsson.csv,Todd_Outcome2,Browder_2012
intervention,18.0701754385965,4.88095238095239,Karin Nilsson.csv,Todd_Outcome2,Browder_2012
intervention,19.12280701754387,4.0476190476190554,Karin Nilsson.csv,Todd_Outcome2,Browder_2012
intervention,20.17543859649124,5.95238095238096,Karin Nilsson.csv,Todd_Outcome2,Browder_2012
intervention,21.052631578947377,6.904761904761916,Karin Nilsson.csv,Todd_Outcome2,Browder_2012
intervention,23.157894736842117,6.904761904761916,Karin Nilsson.csv,Todd_Outcome2,Browder_2012
intervention,24.035087719298257,5.95238095238096,Karin Nilsson.csv,Todd_Outcome2,Browder_2012
intervention,25.087719298245617,9.880952380952383,Karin Nilsson.csv,Todd_Outcome2,Browder_2012
intervention,27.192982456140367,8.809523809523814,Karin Nilsson.csv,Todd_Outcome2,Browder_2012
intervention,28.0701754385965,7.857142857142865,Karin Nilsson.csv,Todd_Outcome2,Browder_2012
intervention,29.12280701754387,8.928571428571441,Karin Nilsson.csv,Todd_Outcome2,Browder_2012
intervention,30.17543859649124,9.880952380952383,Karin Nilsson.csv,Todd_Outcome2,Browder_2012
intervention,31.228070175438607,8.928571428571441,Karin Nilsson.csv,Todd_Outcome2,Browder_2012
intervention,32.105263157894754,8.928571428571441,Karin Nilsson.csv,Todd_Outcome2,Browder_2012
intervention,34.21052631578948,9.880952380952383,Karin Nilsson.csv,Todd_Outcome2,Browder_2012
intervention,42.105263157894754,9.880952380952383,Karin Nilsson.csv,Todd_Outcome2,Browder_2012
intervention,49.12280701754388,9.76190476190477,Karin Nilsson.csv,Todd_Outcome2,Browder_2012
baseline,0.7194244604316582,1.8918918918918983,Karin Nilsson.csv,Todd_Outcome3,Browder_2012
baseline,1.618705035971229,7.105427357601002e-15,Karin Nilsson.csv,Todd_Outcome3,Browder_2012
baseline,2.697841726618712,1.0810810810810878,Karin Nilsson.csv,Todd_Outcome3,Browder_2012
baseline,15.827338129496408,0.8108108108108141,Karin Nilsson.csv,Todd_Outcome3,Browder_2012
baseline,30.93525179856116,-0.1351351351351333,Karin Nilsson.csv,Todd_Outcome3,Browder_2012
intervention,35.07194244604317,4.86486486486487,Karin Nilsson.csv,Todd_Outcome3,Browder_2012
intervention,35.97122302158274,6.7567567567567615,Karin Nilsson.csv,Todd_Outcome3,Browder_2012
intervention,37.05035971223021,6.891891891891895,Karin Nilsson.csv,Todd_Outcome3,Browder_2012
intervention,37.94964028776978,7.837837837837839,Karin Nilsson.csv,Todd_Outcome3,Browder_2012
intervention,40.10791366906474,6.891891891891895,Karin Nilsson.csv,Todd_Outcome3,Browder_2012
intervention,42.08633093525181,7.702702702702709,Karin Nilsson.csv,Todd_Outcome3,Browder_2012
intervention,42.98561151079137,8.91891891891892,Karin Nilsson.csv,Todd_Outcome3,Browder_2012
intervention,45.14388489208634,8.91891891891892,Karin Nilsson.csv,Todd_Outcome3,Browder_2012
intervention,47.122302158273385,8.91891891891892,Karin Nilsson.csv,Todd_Outcome3,Browder_2012
intervention,49.10071942446043,7.837837837837839,Karin Nilsson.csv,Todd_Outcome3,Browder_2012
baseline,1.0676156583629934,2.236842105263158,Karin Nilsson.csv,Todd_Outcome4,Browder_2012
baseline,1.957295373665488,0.13157894736842168,Karin Nilsson.csv,Todd_Outcome4,Browder_2012
baseline,3.02491103202847,0.13157894736842168,Karin Nilsson.csv,Todd_Outcome4,Browder_2012
baseline,15.83629893238434,1.0526315789473697,Karin Nilsson.csv,Todd_Outcome4,Browder_2012
baseline,30.96085409252669,1.0526315789473697,Karin Nilsson.csv,Todd_Outcome4,Browder_2012
intervention,41.99288256227758,0.9210526315789482,Karin Nilsson.csv,Todd_Outcome4,Browder_2012
intervention,42.88256227758006,6.973684210526317,Karin Nilsson.csv,Todd_Outcome4,Browder_2012
intervention,43.95017793594305,7.8947368421052655,Karin Nilsson.csv,Todd_Outcome4,Browder_2012
intervention,44.83985765124554,9.86842105263158,Karin Nilsson.csv,Todd_Outcome4,Browder_2012
intervention,45.90747330960853,9.86842105263158,Karin Nilsson.csv,Todd_Outcome4,Browder_2012
intervention,46.79715302491103,9.86842105263158,Karin Nilsson.csv,Todd_Outcome4,Browder_2012
intervention,47.68683274021352,9.86842105263158,Karin Nilsson.csv,Todd_Outcome4,Browder_2012
intervention,48.93238434163701,9.736842105263158,Karin Nilsson.csv,Todd_Outcome4,Browder_2012
baseline,0.3658536585365866,30.10752688172056,Karin Nilsson.csv,A,Calik_2010
baseline,1.4634146341463428,30.10752688172056,Karin Nilsson.csv,A,Calik_2010
baseline,2.317073170731714,31.18279569892485,Karin Nilsson.csv,A,Calik_2010
intervention,3.4146341463414664,70.96774193548396,Karin Nilsson.csv,A,Calik_2010
intervention,4.390243902439028,80.64516129032268,Karin Nilsson.csv,A,Calik_2010
intervention,5.365853658536587,70.96774193548396,Karin Nilsson.csv,A,Calik_2010
intervention,6.34146341463415,81.72043010752691,Karin Nilsson.csv,A,Calik_2010
intervention,7.195121951219514,80.64516129032268,Karin Nilsson.csv,A,Calik_2010
intervention,8.292682926829274,91.39784946236568,Karin Nilsson.csv,A,Calik_2010
intervention,9.146341463414634,101.07526881720436,Karin Nilsson.csv,A,Calik_2010
intervention,10.1219512195122,101.07526881720436,Karin Nilsson.csv,A,Calik_2010
intervention,11.097560975609758,101.07526881720436,Karin Nilsson.csv,A,Calik_2010
baseline,0.4892966360856317,39.62264150943395,Karin Nilsson.csv,B,Calik_2010
baseline,1.467889908256888,39.62264150943395,Karin Nilsson.csv,B,Calik_2010
baseline,2.568807339449544,39.62264150943395,Karin Nilsson.csv,B,Calik_2010
intervention,15.16819571865444,79.2452830188679,Karin Nilsson.csv,B,Calik_2010
intervention,15.902140672782876,78.30188679245276,Karin Nilsson.csv,B,Calik_2010
intervention,16.880733944954137,89.62264150943395,Karin Nilsson.csv,B,Calik_2010
intervention,18.103975535168203,79.2452830188679,Karin Nilsson.csv,B,Calik_2010
intervention,19.082568807339456,89.62264150943395,Karin Nilsson.csv,B,Calik_2010
intervention,19.9388379204893,89.62264150943395,Karin Nilsson.csv,B,Calik_2010
intervention,21.16207951070337,100,Karin Nilsson.csv,B,Calik_2010
intervention,21.7737003058104,100,Karin Nilsson.csv,B,Calik_2010
intervention,22.62996941896025,100,Karin Nilsson.csv,B,Calik_2010
baseline,0.3716012084592162,29.292929292929244,Karin Nilsson.csv,C,Calik_2010
baseline,1.3625377643504564,29.292929292929244,Karin Nilsson.csv,C,Calik_2010
baseline,2.4773413897280943,29.292929292929244,Karin Nilsson.csv,C,Calik_2010
intervention,27.374622356495458,78.78787878787874,Karin Nilsson.csv,C,Calik_2010
intervention,28.365558912386696,87.87878787878783,Karin Nilsson.csv,C,Calik_2010
intervention,29.35649546827795,78.78787878787874,Karin Nilsson.csv,C,Calik_2010
intervention,30.34743202416918,78.78787878787874,Karin Nilsson.csv,C,Calik_2010
intervention,31.462235649546827,87.87878787878783,Karin Nilsson.csv,C,Calik_2010
intervention,32.45317220543806,97.97979797979794,Karin Nilsson.csv,C,Calik_2010
intervention,33.320241691842895,97.97979797979794,Karin Nilsson.csv,C,Calik_2010
intervention,34.31117824773413,97.97979797979794,Karin Nilsson.csv,C,Calik_2010
intervention,35.302114803625365,96.96969696969693,Karin Nilsson.csv,C,Calik_2010
baseline,3.92604501607717,7.105427357601002e-15,Karin Nilsson.csv,Dylan,Champan_2019
baseline,4.9967845659164,7.105427357601002e-15,Karin Nilsson.csv,Dylan,Champan_2019
baseline,6.067524115755626,7.105427357601002e-15,Karin Nilsson.csv,Dylan,Champan_2019
intervention,6.90032154340836,7.105427357601002e-15,Karin Nilsson.csv,Dylan,Champan_2019
intervention,8.09003215434084,7.105427357601002e-15,Karin Nilsson.csv,Dylan,Champan_2019
intervention,9.041800643086818,2,Karin Nilsson.csv,Dylan,Champan_2019
intervention,9.9935691318328,6.07692307692308,Karin Nilsson.csv,Dylan,Champan_2019
intervention,10.94533762057878,2,Karin Nilsson.csv,Dylan,Champan_2019
intervention,12.016077170418008,5.07692307692308,Karin Nilsson.csv,Dylan,Champan_2019
intervention,12.967845659163991,6.07692307692308,Karin Nilsson.csv,Dylan,Champan_2019
intervention,13.919614147909968,7.153846153846153,Karin Nilsson.csv,Dylan,Champan_2019
intervention,14.990353697749196,7.07692307692308,Karin Nilsson.csv,Dylan,Champan_2019
intervention,15.942122186495176,7.07692307692308,Karin Nilsson.csv,Dylan,Champan_2019
intervention,17.012861736334404,7.07692307692308,Karin Nilsson.csv,Dylan,Champan_2019
intervention,17.845659163987143,8.076923076923077,Karin Nilsson.csv,Dylan,Champan_2019
intervention,18.79742765273312,9.076923076923077,Karin Nilsson.csv,Dylan,Champan_2019
intervention,19.86816720257235,8.076923076923077,Karin Nilsson.csv,Dylan,Champan_2019
intervention,20.93890675241158,8.076923076923077,Karin Nilsson.csv,Dylan,Champan_2019
intervention,22.009646302250808,9.076923076923077,Karin Nilsson.csv,Dylan,Champan_2019
intervention,22.842443729903533,9.076923076923077,Karin Nilsson.csv,Dylan,Champan_2019
intervention,23.913183279742764,9.000000000000004,Karin Nilsson.csv,Dylan,Champan_2019
baseline,0.888888888888884,-0.09900990099009022,Lucija.csv,Kiernan_Outcome3,Browder_2012
baseline,1.9259259259259265,1.0891089108910954,Lucija.csv,Kiernan_Outcome3,Browder_2012
baseline,2.9629629629629592,-0.09900990099009022,Lucija.csv,Kiernan_Outcome3,Browder_2012
baseline,16,0.9900990099009944,Lucija.csv,Kiernan_Outcome3,Browder_2012
baseline,30.96296296296296,0.9900990099009944,Lucija.csv,Kiernan_Outcome3,Browder_2012
intervention,34.962962962962955,3.960396039603964,Lucija.csv,Kiernan_Outcome3,Browder_2012
intervention,35.999999999999986,3.960396039603964,Lucija.csv,Kiernan_Outcome3,Browder_2012
intervention,37.92592592592593,5.049504950495056,Lucija.csv,Kiernan_Outcome3,Browder_2012
intervention,38.96296296296296,1.8811881188118849,Lucija.csv,Kiernan_Outcome3,Browder_2012
intervention,39.99999999999999,2.9702970297029765,Lucija.csv,Kiernan_Outcome3,Browder_2012
intervention,41.03703703703703,2.9702970297029765,Lucija.csv,Kiernan_Outcome3,Browder_2012
intervention,42.07407407407406,6.039603960396047,Lucija.csv,Kiernan_Outcome3,Browder_2012
intervention,42.96296296296296,1.9801980198019853,Lucija.csv,Kiernan_Outcome3,Browder_2012
intervention,43.85185185185185,5.049504950495056,Lucija.csv,Kiernan_Outcome3,Browder_2012
intervention,45.03703703703704,5.940594059405942,Lucija.csv,Kiernan_Outcome3,Browder_2012
intervention,46.07407407407407,7.029702970297034,Lucija.csv,Kiernan_Outcome3,Browder_2012
intervention,55.11111111111109,4.950495049504951,Lucija.csv,Kiernan_Outcome3,Browder_2012
baseline,1.0243902439024453,0,Lucija.csv,Kiernan_Outcome4,Browder_2012
baseline,2.04878048780488,0,Lucija.csv,Kiernan_Outcome4,Browder_2012
baseline,2.926829268292688,0,Lucija.csv,Kiernan_Outcome4,Browder_2012
baseline,15.951219512195124,1.057692307692308,Lucija.csv,Kiernan_Outcome4,Browder_2012
baseline,31.02439024390244,0.961538461538462,Lucija.csv,Kiernan_Outcome4,Browder_2012
baseline,44.92682926829267,0.961538461538462,Lucija.csv,Kiernan_Outcome4,Browder_2012
intervention,46.97560975609756,4.038461538461538,Lucija.csv,Kiernan_Outcome4,Browder_2012
intervention,47.99999999999999,0.961538461538462,Lucija.csv,Kiernan_Outcome4,Browder_2012
intervention,48.8780487804878,2.9807692307692317,Lucija.csv,Kiernan_Outcome4,Browder_2012
intervention,50.19512195121951,1.923076923076924,Lucija.csv,Kiernan_Outcome4,Browder_2012
intervention,50.78048780487804,2.9807692307692317,Lucija.csv,Kiernan_Outcome4,Browder_2012
intervention,51.95121951219512,0,Lucija.csv,Kiernan_Outcome4,Browder_2012
intervention,52.97560975609756,1.923076923076924,Lucija.csv,Kiernan_Outcome4,Browder_2012
intervention,53.99999999999999,2.9807692307692317,Lucija.csv,Kiernan_Outcome4,Browder_2012
intervention,54.8780487804878,2.9807692307692317,Lucija.csv,Kiernan_Outcome4,Browder_2012
intervention,55.75609756097561,1.826923076923078,Lucija.csv,Kiernan_Outcome4,Browder_2012
intervention,57.073170731707314,4.038461538461538,Lucija.csv,Kiernan_Outcome4,Browder_2012
baseline,0.9523809523809454,3.97058823529413,Lucija.csv,Todd_Outcome1,Browder_2012
baseline,2.023809523809521,3.97058823529413,Lucija.csv,Todd_Outcome1,Browder_2012
baseline,2.9761904761904714,3.97058823529413,Lucija.csv,Todd_Outcome1,Browder_2012
intervention,4.04761904761904,2.977941176470601,Lucija.csv,Todd_Outcome1,Browder_2012
intervention,10.952380952380947,6.94852941176471,Lucija.csv,Todd_Outcome1,Browder_2012
intervention,12.142857142857135,6.882352941176478,Lucija.csv,Todd_Outcome1,Browder_2012
intervention,12.976190476190473,7.941176470588239,Lucija.csv,Todd_Outcome1,Browder_2012
intervention,14.04761904761904,8.933823529411768,Lucija.csv,Todd_Outcome1,Browder_2012
intervention,15,9.000000000000007,Lucija.csv,Todd_Outcome1,Browder_2012
intervention,16.190476190476186,8.933823529411768,Lucija.csv,Todd_Outcome1,Browder_2012
intervention,19.999999999999996,9.000000000000007,Lucija.csv,Todd_Outcome1,Browder_2012
intervention,25.119047619047613,8.933823529411768,Lucija.csv,Todd_Outcome1,Browder_2012
intervention,31.07142857142856,8.933823529411768,Lucija.csv,Todd_Outcome1,Browder_2012
intervention,42.02380952380952,8.867647058823536,Lucija.csv,Todd_Outcome1,Browder_2012
intervention,49.16666666666666,8.933823529411768,Lucija.csv,Todd_Outcome1,Browder_2012
baseline,1.182033096926712,4.918032786885245,Lucija.csv,Todd_Outcome2,Browder_2012
baseline,2.24586288416076,4.918032786885245,Lucija.csv,Todd_Outcome2,Browder_2012
baseline,3.191489361702128,4.016393442622952,Lucija.csv,Todd_Outcome2,Browder_2012
baseline,16.075650118203313,1.8852459016393404,Lucija.csv,Todd_Outcome2,Browder_2012
intervention,17.13947990543735,3.9344262295081904,Lucija.csv,Todd_Outcome2,Browder_2012
intervention,18.08510638297873,4.918032786885245,Lucija.csv,Todd_Outcome2,Browder_2012
intervention,19.148936170212767,3.9344262295081904,Lucija.csv,Todd_Outcome2,Browder_2012
intervention,20.09456264775414,5.901639344262296,Lucija.csv,Todd_Outcome2,Browder_2012
intervention,21.15839243498818,6.88524590163934,Lucija.csv,Todd_Outcome2,Browder_2012
intervention,23.1678486997636,6.88524590163934,Lucija.csv,Todd_Outcome2,Browder_2012
intervention,24.113475177304966,5.901639344262296,Lucija.csv,Todd_Outcome2,Browder_2012
intervention,25.059101654846337,9.918032786885243,Lucija.csv,Todd_Outcome2,Browder_2012
intervention,27.06855791962176,8.934426229508201,Lucija.csv,Todd_Outcome2,Browder_2012
intervention,28.1323877068558,7.78688524590164,Lucija.csv,Todd_Outcome2,Browder_2012
intervention,29.07801418439716,8.852459016393443,Lucija.csv,Todd_Outcome2,Browder_2012
intervention,30.14184397163121,9.836065573770489,Lucija.csv,Todd_Outcome2,Browder_2012
intervention,31.08747044917257,8.852459016393443,Lucija.csv,Todd_Outcome2,Browder_2012
intervention,32.151300236406634,8.852459016393443,Lucija.csv,Todd_Outcome2,Browder_2012
intervention,34.04255319148937,9.754098360655735,Lucija.csv,Todd_Outcome2,Browder_2012
intervention,42.08037825059101,9.836065573770489,Lucija.csv,Todd_Outcome2,Browder_2012
intervention,49.1725768321513,9.836065573770489,Lucija.csv,Todd_Outcome2,Browder_2012
baseline,1.089588377723964,2.0183486238532176,Lucija.csv,Todd_Outcome3,Browder_2012
baseline,3.0266343825665807,1.009174311926614,Lucija.csv,Todd_Outcome3,Browder_2012
baseline,16.101694915254228,0.9174311926605584,Lucija.csv,Todd_Outcome3,Browder_2012
baseline,30.99273607748184,-0.183486238532101,Lucija.csv,Todd_Outcome3,Browder_2012
baseline,2.0581113801452693,7.105427357601002e-15,Lucija.csv,Todd_Outcome3,Browder_2012
intervention,34.98789346246973,4.954128440366979,Lucija.csv,Todd_Outcome3,Browder_2012
intervention,35.956416464891035,6.880733944954134,Lucija.csv,Todd_Outcome3,Browder_2012
intervention,37.046004842615005,6.788990825688078,Lucija.csv,Todd_Outcome3,Browder_2012
intervention,38.01452784503632,7.889908256880741,Lucija.csv,Todd_Outcome3,Browder_2012
intervention,40.0726392251816,6.880733944954134,Lucija.csv,Todd_Outcome3,Browder_2012
intervention,42.13075060532686,7.798165137614681,Lucija.csv,Todd_Outcome3,Browder_2012
intervention,43.099273607748174,8.899082568807344,Lucija.csv,Todd_Outcome3,Browder_2012
intervention,44.91525423728813,8.899082568807344,Lucija.csv,Todd_Outcome3,Browder_2012
intervention,47.09443099273606,8.807339449541288,Lucija.csv,Todd_Outcome3,Browder_2012
intervention,49.031476997578686,7.798165137614681,Lucija.csv,Todd_Outcome3,Browder_2012
baseline,1.0843373493975932,1.9266055045871573,Lucija.csv,Todd_Outcome4,Browder_2012
baseline,2.048192771084345,-0.0917431192660545,Lucija.csv,Todd_Outcome4,Browder_2012
baseline,3.012048192771089,-0.18348623853210852,Lucija.csv,Todd_Outcome4,Browder_2012
baseline,16.024096385542173,0.7339449541284422,Lucija.csv,Todd_Outcome4,Browder_2012
baseline,30.963855421686752,0.8256880733944967,Lucija.csv,Todd_Outcome4,Browder_2012
intervention,41.92771084337349,0.7339449541284422,Lucija.csv,Todd_Outcome4,Browder_2012
intervention,42.89156626506025,6.880733944954129,Lucija.csv,Todd_Outcome4,Browder_2012
intervention,44.09638554216867,7.889908256880735,Lucija.csv,Todd_Outcome4,Browder_2012
intervention,44.939759036144586,10,Lucija.csv,Todd_Outcome4,Browder_2012
intervention,46.02409638554217,9.908256880733944,Lucija.csv,Todd_Outcome4,Browder_2012
intervention,47.108433734939766,9.908256880733944,Lucija.csv,Todd_Outcome4,Browder_2012
intervention,47.95180722891566,9.908256880733944,Lucija.csv,Todd_Outcome4,Browder_2012
intervention,48.915662650602414,9.908256880733944,Lucija.csv,Todd_Outcome4,Browder_2012
baseline,0.5072164948453697,30.43478260869574,Lucija.csv,A,Calik_2010
baseline,1.5216494845360895,30.43478260869574,Lucija.csv,A,Calik_2010
baseline,2.536082474226813,30.43478260869574,Lucija.csv,A,Calik_2010
intervention,3.4659793814433044,70.28985507246381,Lucija.csv,A,Calik_2010
intervention,4.564948453608254,81.15942028985512,Lucija.csv,A,Calik_2010
intervention,5.494845360824753,69.56521739130443,Lucija.csv,A,Calik_2010
intervention,6.5092783505154745,79.7101449275363,Lucija.csv,A,Calik_2010
intervention,7.354639175257743,80.43478260869574,Lucija.csv,A,Calik_2010
intervention,8.70721649484537,91.304347826087,Lucija.csv,A,Calik_2010
intervention,9.468041237113413,102.17391304347836,Lucija.csv,A,Calik_2010
intervention,10.48247422680413,100.72463768115948,Lucija.csv,A,Calik_2010
intervention,11.496907216494852,100.72463768115948,Lucija.csv,A,Calik_2010
baseline,0.5093167701863379,39.49044585987261,Lucija.csv,B,Calik_2010
baseline,1.5279503105590102,39.49044585987261,Lucija.csv,B,Calik_2010
baseline,2.546583850931679,39.49044585987261,Lucija.csv,B,Calik_2010
intervention,15.619047619047626,79.61783439490446,Lucija.csv,B,Calik_2010
intervention,16.467908902691512,79.61783439490446,Lucija.csv,B,Calik_2010
intervention,17.486542443064188,89.171974522293,Lucija.csv,B,Calik_2010
intervention,18.505175983436857,79.61783439490446,Lucija.csv,B,Calik_2010
intervention,19.608695652173918,89.171974522293,Lucija.csv,B,Calik_2010
intervention,20.45755693581781,89.171974522293,Lucija.csv,B,Calik_2010
intervention,21.476190476190474,99.36305732484075,Lucija.csv,B,Calik_2010
intervention,22.49482401656315,98.7261146496816,Lucija.csv,B,Calik_2010
intervention,23.42857142857143,100.00000000000004,Lucija.csv,B,Calik_2010
baseline,0.5881147540983687,29.28571428571429,Lucija.csv,C,Calik_2010
baseline,1.5122950819672203,29.28571428571429,Lucija.csv,C,Calik_2010
baseline,2.604508196721317,29.28571428571429,Lucija.csv,C,Calik_2010
intervention,27.473360655737714,79.99999999999999,Lucija.csv,C,Calik_2010
intervention,28.481557377049185,90.71428571428574,Lucija.csv,C,Calik_2010
intervention,29.57377049180328,79.99999999999999,Lucija.csv,C,Calik_2010
intervention,30.58196721311477,79.99999999999999,Lucija.csv,C,Calik_2010
intervention,31.59016393442624,89.99999999999999,Lucija.csv,C,Calik_2010
intervention,32.51434426229508,100,Lucija.csv,C,Calik_2010
intervention,33.52254098360656,100,Lucija.csv,C,Calik_2010
intervention,34.61475409836066,100.71428571428572,Lucija.csv,C,Calik_2010
intervention,35.62295081967213,100,Lucija.csv,C,Calik_2010
baseline,4.048140043763673,0.10227272727272664,Lucija.csv,Dylan,Champan_2019
baseline,4.938730853391685,0.10227272727272664,Lucija.csv,Dylan,Champan_2019
baseline,6.153172866520788,0.10227272727272664,Lucija.csv,Dylan,Champan_2019
intervention,7.12472647702407,0.15340909090909705,Lucija.csv,Dylan,Champan_2019
intervention,8.015317286652078,0.15340909090909705,Lucija.csv,Dylan,Champan_2019
intervention,8.98687089715536,2.09659090909091,Lucija.csv,Dylan,Champan_2019
intervention,10.039387308533914,6.0340909090909065,Lucija.csv,Dylan,Champan_2019
intervention,10.929978118161925,2.09659090909091,Lucija.csv,Dylan,Champan_2019
intervention,11.982494529540478,5.0624999999999964,Lucija.csv,Dylan,Champan_2019
intervention,12.95404814004376,6.08522727272727,Lucija.csv,Dylan,Champan_2019
intervention,14.006564551422317,7.056818181818176,Lucija.csv,Dylan,Champan_2019
intervention,14.9781181619256,7.056818181818176,Lucija.csv,Dylan,Champan_2019
intervention,15.949671772428886,7.005681818181813,Lucija.csv,Dylan,Champan_2019
intervention,17.00218818380744,7.056818181818176,Lucija.csv,Dylan,Champan_2019
intervention,18.054704595186,8.07954545454545,Lucija.csv,Dylan,Champan_2019
intervention,18.945295404814004,9.05113636363636,Lucija.csv,Dylan,Champan_2019
intervention,19.99781181619256,8.02840909090909,Lucija.csv,Dylan,Champan_2019
intervention,21.05032822757111,8.02840909090909,Lucija.csv,Dylan,Champan_2019
intervention,22.0218818380744,9.10227272727272,Lucija.csv,Dylan,Champan_2019
intervention,22.912472647702405,9,Lucija.csv,Dylan,Champan_2019
intervention,24.12691466083151,9.05113636363636,Lucija.csv,Dylan,Champan_2019
baseline,0.8517350157728742,0.06329113924050844,Marta.csv,Kiernan_Outcome3,Browder_2012
baseline,2.1766561514195573,1.012658227848103,Marta.csv,Kiernan_Outcome3,Browder_2012
baseline,2.933753943217665,0.06329113924050844,Marta.csv,Kiernan_Outcome3,Browder_2012
baseline,15.99369085173501,0.8860759493670898,Marta.csv,Kiernan_Outcome3,Browder_2012
baseline,30.851735015772867,1.0759493670886116,Marta.csv,Kiernan_Outcome3,Browder_2012
intervention,34.92113564668769,3.924050632911392,Marta.csv,Kiernan_Outcome3,Browder_2012
intervention,36.05678233438485,4.177215189873419,Marta.csv,Kiernan_Outcome3,Browder_2012
intervention,37.85488958990536,5.063291139240505,Marta.csv,Kiernan_Outcome3,Browder_2012
intervention,38.80126182965299,2.1518987341772124,Marta.csv,Kiernan_Outcome3,Browder_2012
intervention,40.031545741324905,3.1012658227848107,Marta.csv,Kiernan_Outcome3,Browder_2012
intervention,40.788643533123015,3.0379746835443022,Marta.csv,Kiernan_Outcome3,Browder_2012
intervention,42.01892744479494,6.139240506329113,Marta.csv,Kiernan_Outcome3,Browder_2012
intervention,43.059936908517344,1.8987341772151929,Marta.csv,Kiernan_Outcome3,Browder_2012
intervention,44.10094637223973,5.189873417721518,Marta.csv,Kiernan_Outcome3,Browder_2012
intervention,45.2365930599369,6.012658227848103,Marta.csv,Kiernan_Outcome3,Browder_2012
intervention,45.89905362776023,7.088607594936711,Marta.csv,Kiernan_Outcome3,Browder_2012
intervention,54.98422712933752,5.063291139240505,Marta.csv,Kiernan_Outcome3,Browder_2012
baseline,0.9404388714733648,-0.12269938650306766,Marta.csv,Kiernan_Outcome4,Browder_2012
baseline,1.974921630094049,-0.06134969325153339,Marta.csv,Kiernan_Outcome4,Browder_2012
baseline,3.0094043887147413,0,Marta.csv,Kiernan_Outcome4,Browder_2012
baseline,15.893416927899697,1.1042944785276076,Marta.csv,Kiernan_Outcome4,Browder_2012
baseline,31.034482758620705,0.98159509202454,Marta.csv,Kiernan_Outcome4,Browder_2012
baseline,45.23510971786836,0.9202453987730066,Marta.csv,Kiernan_Outcome4,Browder_2012
intervention,47.11598746081507,3.8036809815950927,Marta.csv,Kiernan_Outcome4,Browder_2012
intervention,47.96238244514108,0.8588957055214732,Marta.csv,Kiernan_Outcome4,Browder_2012
intervention,49.09090909090912,2.8834355828220866,Marta.csv,Kiernan_Outcome4,Browder_2012
intervention,50.03134796238247,2.024539877300614,Marta.csv,Kiernan_Outcome4,Browder_2012
intervention,50.97178683385582,3.0061349693251533,Marta.csv,Kiernan_Outcome4,Browder_2012
intervention,52.2884012539185,-0.12269938650306766,Marta.csv,Kiernan_Outcome4,Browder_2012
intervention,53.32288401253921,1.9631901840490804,Marta.csv,Kiernan_Outcome4,Browder_2012
intervention,53.887147335423215,2.822085889570553,Marta.csv,Kiernan_Outcome4,Browder_2012
intervention,55.01567398119124,3.0061349693251533,Marta.csv,Kiernan_Outcome4,Browder_2012
intervention,55.9561128526646,2.024539877300614,Marta.csv,Kiernan_Outcome4,Browder_2012
intervention,57.17868338557996,3.926380368098161,Marta.csv,Kiernan_Outcome4,Browder_2012
baseline,0.9893455098934472,4.037383177570106,Marta.csv,Todd_Outcome1,Browder_2012
baseline,2.05479452054794,3.995327102803756,Marta.csv,Todd_Outcome1,Browder_2012
baseline,3.044140030441398,4.079439252336464,Marta.csv,Todd_Outcome1,Browder_2012
intervention,3.957382039573813,3.1121495327102977,Marta.csv,Todd_Outcome1,Browder_2012
intervention,10.882800608828,7.065420560747675,Marta.csv,Todd_Outcome1,Browder_2012
intervention,11.948249619482494,6.897196261682254,Marta.csv,Todd_Outcome1,Browder_2012
intervention,13.16590563165905,8.074766355140191,Marta.csv,Todd_Outcome1,Browder_2012
intervention,13.926940639269404,9.042056074766364,Marta.csv,Todd_Outcome1,Browder_2012
intervention,15.220700152206994,9.042056074766364,Marta.csv,Todd_Outcome1,Browder_2012
intervention,16.36225266362252,8.95794392523365,Marta.csv,Todd_Outcome1,Browder_2012
intervention,20.09132420091324,9.000000000000007,Marta.csv,Todd_Outcome1,Browder_2012
intervention,25.038051750380514,9.084112149532714,Marta.csv,Todd_Outcome1,Browder_2012
intervention,31.35464231354641,8.9158878504673,Marta.csv,Todd_Outcome1,Browder_2012
intervention,42.08523592085236,8.95794392523365,Marta.csv,Todd_Outcome1,Browder_2012
intervention,49.08675799086758,8.95794392523365,Marta.csv,Todd_Outcome1,Browder_2012
baseline,1.0622154779969626,5.026455026455029,Marta.csv,Todd_Outcome2,Browder_2012
baseline,2.0485584218512893,4.973544973544971,Marta.csv,Todd_Outcome2,Browder_2012
baseline,3.034901365705615,3.968253968253965,Marta.csv,Todd_Outcome2,Browder_2012
baseline,16.009104704097116,1.8518518518518512,Marta.csv,Todd_Outcome2,Browder_2012
intervention,16.99544764795144,3.862433862433861,Marta.csv,Todd_Outcome2,Browder_2012
intervention,18.133535660091045,4.867724867724871,Marta.csv,Todd_Outcome2,Browder_2012
intervention,19.11987860394537,3.862433862433861,Marta.csv,Todd_Outcome2,Browder_2012
intervention,20.03034901365706,5.873015873015877,Marta.csv,Todd_Outcome2,Browder_2012
intervention,21.092564491654016,7.037037037037042,Marta.csv,Todd_Outcome2,Browder_2012
intervention,23.14112291350532,6.984126984126984,Marta.csv,Todd_Outcome2,Browder_2012
intervention,24.203338391502275,5.92592592592592,Marta.csv,Todd_Outcome2,Browder_2012
intervention,25.11380880121396,9.999999999999996,Marta.csv,Todd_Outcome2,Browder_2012
intervention,27.31411229135053,8.835978835978832,Marta.csv,Todd_Outcome2,Browder_2012
intervention,27.996965098634284,7.989417989417991,Marta.csv,Todd_Outcome2,Browder_2012
intervention,28.98330804248862,9.100529100529103,Marta.csv,Todd_Outcome2,Browder_2012
intervention,30.04552352048559,9.947089947089951,Marta.csv,Todd_Outcome2,Browder_2012
intervention,31.03186646433991,8.941798941798947,Marta.csv,Todd_Outcome2,Browder_2012
intervention,32.018209408194224,8.941798941798947,Marta.csv,Todd_Outcome2,Browder_2012
intervention,34.14264036418816,9.894179894179896,Marta.csv,Todd_Outcome2,Browder_2012
intervention,42.03338391502275,9.947089947089951,Marta.csv,Todd_Outcome2,Browder_2012
intervention,49.08952959028832,9.841269841269838,Marta.csv,Todd_Outcome2,Browder_2012
baseline,1.0093167701863297,2.0348837209302357,Marta.csv,Todd_Outcome3,Browder_2012
baseline,2.1739130434782576,-0.058139534883714816,Marta.csv,Todd_Outcome3,Browder_2012
baseline,3.0279503105590044,0.93023255813954,Marta.csv,Todd_Outcome3,Browder_2012
baseline,16.14906832298136,0.988372093023262,Marta.csv,Todd_Outcome3,Browder_2012
baseline,30.978260869565204,7.105427357601002e-15,Marta.csv,Todd_Outcome3,Browder_2012
intervention,35.170807453416145,4.88372093023256,Marta.csv,Todd_Outcome3,Browder_2012
intervention,35.8695652173913,6.8604651162790695,Marta.csv,Todd_Outcome3,Browder_2012
intervention,37.18944099378881,6.802325581395351,Marta.csv,Todd_Outcome3,Browder_2012
intervention,38.12111801242235,7.906976744186043,Marta.csv,Todd_Outcome3,Browder_2012
intervention,40.21739130434781,6.918604651162788,Marta.csv,Todd_Outcome3,Browder_2012
intervention,42.00310559006211,7.79069767441861,Marta.csv,Todd_Outcome3,Browder_2012
intervention,43.09006211180122,8.895348837209305,Marta.csv,Todd_Outcome3,Browder_2012
intervention,45.03105590062111,8.837209302325583,Marta.csv,Todd_Outcome3,Browder_2012
intervention,47.12732919254658,8.779069767441861,Marta.csv,Todd_Outcome3,Browder_2012
intervention,49.06832298136645,7.848837209302328,Marta.csv,Todd_Outcome3,Browder_2012
baseline,1.0077519379844833,1.929824561403508,Marta.csv,Todd_Outcome4,Browder_2012
baseline,1.8604651162790584,-0.17543859649122995,Marta.csv,Todd_Outcome4,Browder_2012
baseline,2.9457364341085186,0.05847953216374169,Marta.csv,Todd_Outcome4,Browder_2012
baseline,15.968992248062005,0.9941520467836242,Marta.csv,Todd_Outcome4,Browder_2012
baseline,30.697674418604645,0.8187134502923961,Marta.csv,Todd_Outcome4,Browder_2012
intervention,41.860465116279066,0.8771929824561386,Marta.csv,Todd_Outcome4,Browder_2012
intervention,42.94573643410851,6.900584795321636,Marta.csv,Todd_Outcome4,Browder_2012
intervention,44.03100775193797,7.894736842105262,Marta.csv,Todd_Outcome4,Browder_2012
intervention,45.19379844961239,10.116959064327489,Marta.csv,Todd_Outcome4,Browder_2012
intervention,45.968992248062,9.941520467836256,Marta.csv,Todd_Outcome4,Browder_2012
intervention,47.05426356589146,9.941520467836256,Marta.csv,Todd_Outcome4,Browder_2012
intervention,48.06201550387596,9.941520467836256,Marta.csv,Todd_Outcome4,Browder_2012
intervention,49.22480620155038,9.883040935672517,Marta.csv,Todd_Outcome4,Browder_2012
baseline,0.3781291172595545,29.953917050691302,Marta.csv,A,Calik_2010
baseline,1.5125164690382071,30.41474654377879,Marta.csv,A,Calik_2010
baseline,2.538866930171281,29.4930875576037,Marta.csv,A,Calik_2010
intervention,3.4571805006587617,70.96774193548396,Marta.csv,A,Calik_2010
intervention,4.537549407114627,80.64516129032262,Marta.csv,A,Calik_2010
intervention,5.455862977602108,70.04608294930881,Marta.csv,A,Calik_2010
intervention,6.482213438735178,80.64516129032262,Marta.csv,A,Calik_2010
intervention,7.508563899868246,81.10599078341016,Marta.csv,A,Calik_2010
intervention,8.480895915678527,89.86175115207374,Marta.csv,A,Calik_2010
intervention,9.399209486166008,99.5391705069124,Marta.csv,A,Calik_2010
intervention,10.587615283267455,99.5391705069124,Marta.csv,A,Calik_2010
intervention,11.28985507246377,100.4608294930876,Marta.csv,A,Calik_2010
baseline,0.4361702127659513,40.08097165991907,Marta.csv,B,Calik_2010
baseline,1.5811170212765884,40.48582995951424,Marta.csv,B,Calik_2010
baseline,2.5624999999999947,40.89068825910934,Marta.csv,B,Calik_2010
intervention,15.538563829787227,80.16194331983809,Marta.csv,B,Calik_2010
intervention,16.519946808510632,79.75708502024298,Marta.csv,B,Calik_2010
intervention,17.501329787234035,89.87854251012152,Marta.csv,B,Calik_2010
intervention,18.64627659574468,79.35222672064785,Marta.csv,B,Calik_2010
intervention,19.518617021276587,89.87854251012152,Marta.csv,B,Calik_2010
intervention,20.499999999999996,89.87854251012152,Marta.csv,B,Calik_2010
intervention,21.59042553191489,99.59514170040492,Marta.csv,B,Calik_2010
intervention,22.571808510638288,100.00000000000004,Marta.csv,B,Calik_2010
intervention,23.553191489361694,100.00000000000004,Marta.csv,B,Calik_2010
baseline,0.4836173001310762,29.411764705882348,Marta.csv,C,Calik_2010
baseline,1.3971166448230772,30.769230769230774,Marta.csv,C,Calik_2010
baseline,2.471821756225438,30.769230769230774,Marta.csv,C,Calik_2010
intervention,27.404980340760165,80.09049773755656,Marta.csv,C,Calik_2010
intervention,28.4259501965924,90.49773755656108,Marta.csv,C,Calik_2010
intervention,29.39318479685453,80.54298642533941,Marta.csv,C,Calik_2010
intervention,30.521625163827007,80.9954751131222,Marta.csv,C,Calik_2010
intervention,31.381389252948896,89.59276018099548,Marta.csv,C,Calik_2010
intervention,32.40235910878113,100,Marta.csv,C,Calik_2010
intervention,33.423328964613376,100.45248868778285,Marta.csv,C,Calik_2010
intervention,34.49803407601573,99.5475113122172,Marta.csv,C,Calik_2010
intervention,35.572739187418094,100.45248868778285,Marta.csv,C,Calik_2010
baseline,4.388185654008442,0.22500000000000497,Marta.csv,Dylan,Champan_2019
baseline,5.2883263009845365,0.2571428571428598,Marta.csv,Dylan,Champan_2019
baseline,6.469760900140653,0.2571428571428598,Marta.csv,Dylan,Champan_2019
intervention,7.53867791842476,0.28928571428571814,Marta.csv,Dylan,Champan_2019
intervention,8.607594936708866,0.28928571428571814,Marta.csv,Dylan,Champan_2019
intervention,9.676511954992971,2.2178571428571416,Marta.csv,Dylan,Champan_2019
intervention,10.689170182841073,6.074999999999999,Marta.csv,Dylan,Champan_2019
intervention,12.039381153305207,2.25,Marta.csv,Dylan,Champan_2019
intervention,12.939521800281296,5.175000000000001,Marta.csv,Dylan,Champan_2019
intervention,14.064697609001412,6.107142857142858,Marta.csv,Dylan,Champan_2019
intervention,15.077355836849511,7.103571428571431,Marta.csv,Dylan,Champan_2019
intervention,16.090014064697613,7.103571428571431,Marta.csv,Dylan,Champan_2019
intervention,17.327707454289737,7.103571428571431,Marta.csv,Dylan,Champan_2019
intervention,18.227848101265828,7.071428571428573,Marta.csv,Dylan,Champan_2019
intervention,19.46554149085795,8.06785714285714,Marta.csv,Dylan,Champan_2019
intervention,20.47819971870605,9.064285714285711,Marta.csv,Dylan,Champan_2019
intervention,21.547116736990155,8.06785714285714,Marta.csv,Dylan,Champan_2019
intervention,22.61603375527426,8.035714285714281,Marta.csv,Dylan,Champan_2019
intervention,23.797468354430386,8.999999999999996,Marta.csv,Dylan,Champan_2019
intervention,24.9789029535865,8.999999999999996,Marta.csv,Dylan,Champan_2019
intervention,25.935302390998597,8.999999999999996,Marta.csv,Dylan,Champan_2019
